id,first_name,last_name,phone,email,contact_address_id,employment_type,hourly_rate,created,updated
734,Wyatt,Rodriguez,757-797-9199,wyatt.rodriguez786@somedomain.com,530 Golden Meadow Road 11742,Contract,45,2019-04-14 13:27:24,2019-04-14 13:27:24
335,Logan,Jackson,894-973-5796,logan.jackson2@somedomain.com,479 Hillside Street 11575,Contract,50,2023-08-14 11:34:56,2023-08-14 11:34:56
219,Sophia,Thompson,502-703-6049,sophia.thompson370@somedomain.com,425 Heritage Court 11565,Contract,50,2024-08-22 14:12:37,2024-08-22 14:12:37
300,Ella,Green,433-861-5795,ella.green962@somedomain.com,326 Cedar Way 11931,Contract,50,2023-11-10 13:57:14,2023-11-10 13:57:14
946,Sofia,Moore,716-738-6466,sofia.moore12@somedomain.com,767 Pinecrest Avenue 11566,Contract,50,2016-09-04 17:50:13,2016-09-04 17:50:13
810,Hudson,Green,671-602-7498,hudson.green879@somedomain.com,807 Lincoln Highway 11776,Contract,50,2018-05-20 08:40:54,2018-05-20 08:40:54
90,Leo,White,267-649-5537,leo.white836@somedomain.com,443 Ridgeway Lane 11022,Contract,50,2025-10-02 08:47:22,2025-10-02 08:47:22
396,Lincoln,Adams,787-838-8805,lincoln.adams285@somedomain.com,924 Summit Circle 11967,Contract,40,2022-12-01 13:35:20,2022-12-01 13:35:20
258,Emma,Baker,813-782-6797,emma.baker896@somedomain.com,932 Madison Road 11549,Contract,40,2024-03-19 14:51:52,2024-03-19 14:51:52
641,Willow,Wright,941-525-3689,willow.wright469@somedomain.com,684 Maple Court 11002,Contract,45,2020-05-11 17:03:16,2020-05-11 17:03:16
424,Isabella,Brown,288-947-3356,isabella.brown35@somedomain.com,125 Fairview Circle 11520,Contract,45,2022-08-25 08:03:43,2022-08-25 08:03:43
58,Theodore,Nelson,401-489-5661,theodore.nelson437@somedomain.com,240 Canyon Ridge Terrace 11020,Contract,50,2025-08-08 12:52:21,2025-08-08 12:52:21
419,Evelyn,White,459-424-9325,evelyn.white974@somedomain.com,316 Garden Grove Parkway 11545,Contract,40,2022-09-06 10:05:46,2022-09-06 10:05:46
230,Elias,Gonzalez,338-345-2665,elias.gonzalez877@somedomain.com,39 Hillside Boulevard 11545,Contract,50,2024-08-22 09:48:31,2024-08-22 09:48:31
188,Jack,Thompson,432-729-5451,jack.thompson454@somedomain.com,667 Harbor View Drive 11022,Contract,50,2024-10-20 14:40:41,2024-10-20 14:40:41
812,Hazel,Jackson,602-837-5894,hazel.jackson623@somedomain.com,700 Westfield Terrace 11024,Contract,40,2018-04-30 15:48:09,2018-04-30 15:48:09
452,Asher,Perez,688-749-2417,asher.perez880@somedomain.com,806 Chestnut Drive 11746,Contract,50,2022-05-19 18:15:28,2022-05-19 18:15:28
724,Nora,Wright,779-716-2129,nora.wright364@somedomain.com,256 Aspen Circle 11579,Contract,40,2019-05-22 16:04:41,2019-05-22 16:04:41
927,Abigail,Roberts,406-662-8678,abigail.roberts727@somedomain.com,348 Lincoln Circle 11580,Contract,45,2016-12-06 11:43:19,2016-12-06 11:43:19
581,Jacob,Adams,587-892-7644,jacob.adams460@somedomain.com,531 Whispering Pines Terrace 11020,Contract,40,2020-12-28 08:47:21,2020-12-28 08:47:21
123,Isabella,Taylor,550-704-3649,isabella.taylor141@somedomain.com,768 Elm Terrace 11947,Contract,40,2025-03-31 13:17:01,2025-03-31 13:17:01
456,Josiah,Brown,753-779-3052,josiah.brown999@somedomain.com,640 Valley View Loop 11051,Contract,45,2022-04-28 12:28:30,2022-04-28 12:28:30
686,Daniel,Hill,463-910-6816,daniel.hill706@somedomain.com,637 Aspen Road 11961,Contract,50,2019-11-07 14:58:18,2019-11-07 14:58:18
928,Charles,Gonzalez,266-291-9350,charles.gonzalez189@somedomain.com,294 Forest Glen Court 11951,Contract,40,2016-12-03 10:29:28,2016-12-03 10:29:28
412,Genesis,Thompson,983-700-8869,genesis.thompson666@somedomain.com,469 Oakwood Court 11749,Contract,45,2022-10-15 13:14:24,2022-10-15 13:14:24
44,Olivia,Johnson,882-396-5611,olivia.johnson651@somedomain.com,900 Stonebridge Parkway 11971,Contract,45,2025-09-26 16:04:46,2025-09-26 16:04:46
2,Hudson,Lee,466-533-2992,hudson.lee599@somedomain.com,571 Meadowbrook Trail 11501,Contract,50,2025-12-05 14:55:59,2025-12-05 14:55:59
676,Abigail,Moore,380-461-9392,abigail.moore202@somedomain.com,156 Stonebridge Court 11577,Contract,50,2019-12-16 12:11:04,2019-12-16 12:11:04
505,Harper,Williams,340-776-5908,harper.williams16@somedomain.com,378 Madison Trail 11020,Contract,50,2021-10-27 18:28:47,2021-10-27 18:28:47
624,Hannah,Thompson,724-334-7558,hannah.thompson793@somedomain.com,110 Silver Oak Avenue 11553,Contract,40,2020-10-23 16:43:03,2020-10-23 16:43:03
735,Chloe,Baker,605-874-5690,chloe.baker976@somedomain.com,106 Meadowbrook Court 11964,Contract,50,2019-04-09 12:09:56,2019-04-09 12:09:56
10,Matthew,Sanchez,446-356-7256,matthew.sanchez892@somedomain.com,997 Meadow Ridge Boulevard 11794,Contract,50,2025-11-27 14:55:24,2025-11-27 14:55:24
577,Grace,Martin,800-958-8348,grace.martin224@somedomain.com,264 Aspen Trail 11956,Contract,45,2021-01-11 12:50:26,2021-01-11 12:50:26
